"Modnames","K","AICc","Delta_AICc","ModelLik","AICcWt","LL","Cum.Wt"
"Full",15,1925.59147404579,0,1,0.388316022728393,-947.665443863285,0.388316022728393
"SpeicesTraits + Sampling",14,1926.03920886261,0.447734816817274,0.799421123861534,0.310428031302973,-948.90565977585,0.698744054031367
"SpeicesTraits",8,1927.13936824497,1.54789419918075,0.461189111656284,0.179087121564009,-955.530744154935,0.877831175595376
"SpeicesTraits + Habitat",9,1927.90431436847,2.31284032267786,0.31461042193281,0.12216826775385,-954.903455885532,0.999999443349226
"Sampling + Habitat",10,1953.29271886506,27.7012448192761,9.65497417715573e-07,3.74918117201846e-07,-966.586803395716,0.999999818267343
"Sampling",14,1955.0417825449,29.4503084991093,4.02667672354147e-07,1.56362309009862e-07,-963.406946616996,0.999999974629652
"Null",3,1959.50356528704,33.9120912412509,4.32596450875931e-08,1.6798413325056e-08,-976.74531015161,0.999999991428066
"Habitat",4,1960.84914731406,35.2576732682753,2.20746348012569e-08,8.57193438920585e-09,-976.413780348883,1
