"Modnames","K","AICc","Delta_AICc","ModelLik","AICcWt","LL","Cum.Wt"
"Full",15,1925.59147404621,0,1,0.388316022801477,-947.665443863496,0.388316022801477
"SpeicesTraits + Sampling",14,1926.03920886398,0.447734817768378,0.799421123481368,0.310428031213773,-948.905659776536,0.69874405401525
"SpeicesTraits",8,1927.13936824619,1.54789419997564,0.461189111472985,0.179087121526536,-955.530744155543,0.877831175541786
"SpeicesTraits + Habitat",9,1927.90431436839,2.31284032217695,0.314610422011605,0.122168267807441,-954.903455885492,0.999999443349226
"Sampling + Habitat",10,1953.29271886482,27.7012448186103,9.65497418036963e-07,3.74918117397208e-07,-966.586803395594,0.999999818267344
"Sampling",14,1955.04178254511,29.450308498903,4.02667672395667e-07,1.56362309055413e-07,-963.406946617104,0.999999974629653
"Null",3,1959.50356532114,33.9120912749263,4.32596443592001e-08,1.67984130453709e-08,-976.745310168659,0.999999991428066
"Habitat",4,1960.84914738448,35.2576733382655,2.20746340287532e-08,8.57193409084359e-09,-976.413780384089,1
