"Modnames","K","AICc","Delta_AICc","ModelLik","AICcWt","LL","Cum.Wt"
"Null",3,422.040052066056,0,1,0.711668911820812,-208.005356106378,0.711668911820812
"Habitat",4,423.953186274591,1.91313420853464,0.384209576066272,0.273430010910219,-207.952113333134,0.985098922731031
"SpeicesTraits",8,431.046756076741,9.00670401068476,0.0110718214628314,0.00787947113232754,-207.434817152761,0.992978393863359
"Sampling",9,432.985592722083,10.9455406560274,0.00419958180867309,0.00298871181588085,-207.381958922618,0.99596710567924
"SpeicesTraits + Habitat",9,433.022668837171,10.982616771115,0.00412244689418576,0.00293381729522427,-207.400496980162,0.998900922974464
"Sampling + Habitat",10,435.031656056862,12.9916039908063,0.00150976390391507,0.00107445203460558,-207.380193009935,0.99997537500907
"SpeicesTraits + Sampling",14,443.701750149402,21.6616980833463,1.9779805961062e-05,1.40766729843358e-05,-207.590652026374,0.999989451682054
"Full",15,444.278855385944,22.2388033198879,1.48219456699276e-05,1.05483179459845e-05,-206.841660943592,1
