"Modnames","K","AICc","Delta_AICc","ModelLik","AICcWt","LL","Cum.Wt"
"Null",3,441.809046036308,0,1,0.71187522797379,-217.890203209085,0.71187522797379
"Habitat",4,443.755933310169,1.94688727386176,0.377779858879394,0.268932123163675,-217.85407179248,0.980807351137465
"SpeicesTraits",8,450.220605256018,8.41155921971074,0.0149091582103841,0.0106134603999145,-217.02386805418,0.99142081153738
"SpeicesTraits + Habitat",9,452.235102213716,10.4260561774081,0.00544516026990695,0.00387627470849383,-217.009378029935,0.995297086245874
"Sampling",9,452.489254885993,10.6802088496859,0.00479536992839825,0.00341370506099717,-217.136454366074,0.998710791306871
"Sampling + Habitat",10,454.535745773441,12.7266997371331,0.00172358325299095,0.00122697622115474,-217.135502248934,0.999937767528026
"SpeicesTraits + Sampling",14,461.106047117349,19.2970010810415,6.45222430243036e-05,4.59317864623064e-05,-216.299093691685,0.999983699314488
"Full",15,463.177947577387,21.3689015410798,2.28982339482921e-05,1.63006855121376e-05,-216.298416887967,1
