"Modnames","K","AICc","Delta_AICc","ModelLik","AICcWt","LL","Cum.Wt"
"Full",15,1876.90427195005,0,1,0.456045262471565,-923.321488179707,0.456045262471565
"SpeicesTraits + Sampling",14,1877.46222591476,0.557953964711032,0.756557317181991,0.345024380289044,-924.616858332789,0.801069642760609
"SpeicesTraits",8,1879.6939673813,2.78969543125072,0.247870780340023,0.113040295079197,-931.807938137506,0.914109937839806
"SpeicesTraits + Habitat",9,1880.24332997231,3.33905802225831,0.188335748794382,0.0858896259917126,-931.072831562389,0.999999563831519
"Sampling + Habitat",10,1905.18292915654,28.2786572064863,7.2338185314924e-07,3.29894867086612e-07,-942.531746880115,0.999999893726386
"Sampling",14,1907.69412242014,30.7898504700931,2.06095695441059e-07,9.39889655216774e-08,-939.73280658548,0.999999987715352
"Null",3,1912.65826391771,35.7539919676597,1.7223415996672e-08,7.85465726885923e-09,-953.322641964264,0.999999995570009
"Habitat",4,1913.80368202885,36.8994100787961,9.71392863757347e-09,4.42999113515225e-09,-952.891018503601,1
